id;invoice_id;tanggal_transaksi;customer_id;nama_produk;jenis_produk;kategori_produk;quantity;harga_jual;total_harga;jenis_pembayaran;jenis_pesanan;jenis_kelamin
140;140;44716;71;Indomie Soto Mie;mie-kuah;makanan;1;9000;9000;CASH;Delivery;Permpuan
332;332;44607;84;Indomie Soto Mie;mie-kuah;makanan;3;9000;27000;CASH;Delivery;Laki
426;426;44634;34;Indomie Soto Mie;mie-kuah;makanan;1;9000;9000;CASH;Dine-In;Laki
265;265;44617;91;Indomie Soto Mie;mie-kuah;makanan;3;9000;27000;CASH;Dine-In;Permpuan
377;377;44626;38;Indomie Baso Sapi;mie-kuah;makanan;2;9000;18000;CASH;Delivery;Laki
58;58;44699;40;Indomie Baso Sapi;mie-kuah;makanan;2;9000;18000;CASH;Delivery;Laki
283;283;44684;24;Indomie Baso Sapi;mie-kuah;makanan;2;9000;18000;CASH;Delivery;Permpuan
495;495;44698;11;Indomie Baso Sapi;mie-kuah;makanan;1;9000;9000;CASH;Delivery;Laki
7;7;44596;15;Indomie Baso Sapi;mie-kuah;makanan;1;9000;9000;CASH;Dine-In;Permpuan
432;432;44710;42;indomie Kari Ayam;mie-kuah;makanan;3;9000;27000;CASH;Delivery;Permpuan
61;61;44605;73;indomie Kari Ayam;mie-kuah;makanan;1;9000;9000;CASH;Dine-In;Permpuan
155;155;44631;80;indomie Kari Ayam;mie-kuah;makanan;1;9000;9000;CASH;Delivery;Permpuan
259;259;44614;39;indomie Kari Ayam;mie-kuah;makanan;3;9000;27000;CASH;Delivery;Permpuan
43;43;44727;80;indomie Kari Ayam;mie-kuah;makanan;2;9000;18000;CASH;Delivery;Permpuan
34;34;44572;74;indomie Kari Ayam;mie-kuah;makanan;1;9000;9000;CASH;Delivery;Laki
52;52;44690;48;Indomie Goreng Aceh;mie-goreng;makanan;1;9000;9000;CASH;Delivery;Permpuan
129;129;44669;48;Indomie Goreng Aceh;mie-goreng;makanan;1;9000;9000;CASH;Dine-In;Permpuan
251;251;44594;100;Indomie Goreng Aceh;mie-goreng;makanan;2;9000;18000;CASH;Delivery;Laki
447;447;44677;11;Indomie Goreng Aceh;mie-goreng;makanan;2;9000;18000;CASH;Delivery;Laki
252;252;44730;61;Indomie Goreng Aceh;mie-goreng;makanan;2;9000;18000;CASH;Dine-In;Laki
358;358;44571;68;indomie Ayam Bawang;mie-kuah;makanan;1;9000;9000;CASH;Delivery;Laki
448;448;44568;48;indomie Ayam Bawang;mie-kuah;makanan;3;9000;27000;CASH;Dine-In;Permpuan
242;242;44609;66;Indomie Ayam Spesial;mie-kuah;makanan;1;9000;9000;CASH;Delivery;Laki
15;15;44792;20;Indomie Ayam Spesial;mie-kuah;makanan;1;9000;9000;CASH;Delivery;Permpuan
130;130;44588;48;Indomie Ayam Spesial;mie-kuah;makanan;3;9000;27000;CASH;Dine-In;Permpuan
74;74;44795;51;Indomie Ayam Spesial;mie-kuah;makanan;3;9000;27000;CASH;Dine-In;Permpuan
221;221;44731;14;Indomie Ayam Spesial;mie-kuah;makanan;1;9000;9000;CASH;Delivery;Permpuan
412;412;44659;94;Indomie Ayam Spesial;mie-kuah;makanan;3;9000;27000;CASH;Dine-In;Laki
6;6;44765;80;Indomie Ayam Spesial;mie-kuah;makanan;1;9000;9000;CASH;Delivery;Permpuan
2;2;44774;10;Indomie Ayam Spesial;mie-kuah;makanan;2;9000;18000;CASH;Delivery;Permpuan
393;393;44759;85;Indomie Goreng Pedas;mie-goreng;makanan;2;9000;18000;CASH;Delivery;Permpuan
203;203;44789;44;Indomie Goreng Pedas;mie-goreng;makanan;1;9000;9000;CASH;Dine-In;Permpuan
201;201;44718;39;Indomie Goreng Pedas;mie-goreng;makanan;3;9000;27000;CASH;Dine-In;Permpuan
333;333;44566;74;Indomie Goreng Pedas;mie-goreng;makanan;1;9000;9000;CASH;Dine-In;Laki
80;80;44796;59;Indomie Goreng Pedas;mie-goreng;makanan;2;9000;18000;CASH;Dine-In;Permpuan
468;468;44610;27;Indomie Goreng Pedas;mie-goreng;makanan;2;9000;18000;CASH;Delivery;Permpuan
116;116;44683;22;Indomie Goreng Pedas;mie-goreng;makanan;3;9000;27000;CASH;Dine-In;Permpuan
35;35;44701;7;Indomie Goreng Rendang;mie-goreng;makanan;1;9000;9000;CASH;Dine-In;Permpuan
371;371;44588;94;Indomie Goreng Rendang;mie-goreng;makanan;2;9000;18000;CASH;Dine-In;Laki
249;249;44693;24;Indomie Goreng Spesial;mie-goreng;makanan;2;9000;18000;CASH;Delivery;Permpuan
475;475;44659;82;Indomie Goreng Spesial;mie-goreng;makanan;3;9000;27000;CASH;Dine-In;Permpuan
324;324;44698;8;Indomie Goreng Spesial;mie-goreng;makanan;2;9000;18000;CASH;Dine-In;Permpuan
111;111;44600;61;Indomie Goreng Spesial;mie-goreng;makanan;2;9000;18000;CASH;Dine-In;Laki
231;231;44721;66;Indomie Goreng Spesial;mie-goreng;makanan;2;9000;18000;CASH;Dine-In;Laki
315;315;44754;82;Indomie Goreng Spesial;mie-goreng;makanan;1;9000;9000;CASH;Dine-In;Permpuan
101;101;44762;33;Indomie Goreng Cabe Ijo;mie-goreng;makanan;3;9000;27000;CASH;Dine-In;Laki
240;240;44586;74;Indomie Goreng Cabe Ijo;mie-goreng;makanan;2;9000;18000;CASH;Delivery;Laki
82;82;44618;79;Indomie Goreng Cabe Ijo;mie-goreng;makanan;1;9000;9000;CASH;Delivery;Permpuan
233;233;44641;2;Indomie Goreng Cabe Ijo;mie-goreng;makanan;3;9000;27000;CASH;Dine-In;Permpuan
254;254;44691;64;Indomie Goreng Cabe Ijo;mie-goreng;makanan;1;9000;9000;CASH;Delivery;Permpuan
194;194;44590;96;Indomie Goreng Cabe Ijo;mie-goreng;makanan;1;9000;9000;CASH;Dine-In;Laki
99;99;44755;28;Indomie Goreng Cabe Ijo;mie-goreng;makanan;3;9000;27000;CASH;Dine-In;Permpuan
345;345;44635;30;Indomie Rasa Sop Buntut;mie-kuah;makanan;2;10000;20000;CASH;Delivery;Permpuan
279;279;44615;33;Indomie Rasa Sop Buntut;mie-kuah;makanan;2;10000;20000;CASH;Dine-In;Laki
81;81;44768;27;Indomie Rasa Sop Buntut;mie-kuah;makanan;1;10000;10000;CASH;Dine-In;Permpuan
403;403;44668;56;Indomie Rasa Sop Buntut;mie-kuah;makanan;2;10000;20000;CASH;Delivery;Permpuan
103;103;44755;100;Indomie Rasa Sop Buntut;mie-kuah;makanan;3;10000;30000;CASH;Delivery;Laki
205;205;44608;9;Indomie Rasa Sop Buntut;mie-kuah;makanan;2;10000;20000;CASH;Dine-In;Permpuan
250;250;44674;100;Indomie Rasa Sop Buntut;mie-kuah;makanan;1;10000;10000;CASH;Delivery;Laki
385;385;44743;18;Indomie Rasa Sop Buntut;mie-kuah;makanan;1;10000;10000;CASH;Delivery;Permpuan
338;338;44752;26;Indomie Rasa Soto Betawi;mie-kuah;makanan;1;10000;10000;CASH;Delivery;Permpuan
131;131;44600;40;Indomie Rasa Soto Betawi;mie-kuah;makanan;3;10000;30000;CASH;Delivery;Laki
232;232;44590;50;Indomie Rasa Soto Betawi;mie-kuah;makanan;2;10000;20000;CASH;Dine-In;Permpuan
308;308;44684;3;Indomie Rasa Soto Betawi;mie-kuah;makanan;3;10000;30000;CASH;Delivery;Laki
325;325;44572;70;Indomie Rasa Soto Betawi;mie-kuah;makanan;2;10000;20000;CASH;Delivery;Permpuan
374;374;44736;8;Indomie Rasa Soto Betawi;mie-kuah;makanan;2;10000;20000;CASH;Delivery;Permpuan
285;285;44765;27;Indomie Rasa Soto Betawi;mie-kuah;makanan;3;10000;30000;CASH;Delivery;Permpuan
343;343;44761;49;Indomie Rasa Soto Betawi;mie-kuah;makanan;2;10000;20000;CASH;Dine-In;Permpuan
353;353;44698;83;Indomie Rasa Soto Betawi;mie-kuah;makanan;2;10000;20000;CASH;Delivery;Permpuan
125;125;44785;53;Indomie Rasa Soto Betawi;mie-kuah;makanan;1;10000;10000;CASH;Delivery;Permpuan
114;114;44628;75;Indomie Rasa Soto Padang;mie-kuah;makanan;3;10000;30000;CASH;Delivery;Laki
207;207;44712;28;Indomie Rasa Soto Padang;mie-kuah;makanan;3;10000;30000;CASH;Dine-In;Permpuan
4;4;44639;48;Indomie Rasa Soto Padang;mie-kuah;makanan;3;10000;30000;CASH;Dine-In;Permpuan
216;216;44598;29;Indomie Rasa Soto Padang;mie-kuah;makanan;1;10000;10000;CASH;Delivery;Permpuan
299;299;44647;44;Indomie Rasa Empal Gentong;mie-kuah;makanan;1;10000;10000;CASH;Delivery;Permpuan
391;391;44793;36;Indomie Rasa Empal Gentong;mie-kuah;makanan;2;10000;20000;CASH;Dine-In;Laki
84;84;44648;27;Indomie Rasa Soto Lamongan;mie-kuah;makanan;2;10000;20000;CASH;Delivery;Permpuan
492;492;44734;59;Indomie Rasa Soto Lamongan;mie-kuah;makanan;2;10000;20000;CASH;Delivery;Permpuan
465;465;44697;53;Indomie Rasa Soto Lamongan;mie-kuah;makanan;1;10000;10000;CASH;Delivery;Permpuan
204;204;44713;56;Indomie Rasa Soto Lamongan;mie-kuah;makanan;3;10000;30000;CASH;Dine-In;Permpuan
399;399;44672;46;Indomie Rasa Soto Lamongan;mie-kuah;makanan;1;10000;10000;CASH;Dine-In;Laki
261;261;44762;56;Indomie Rasa Soto Lamongan;mie-kuah;makanan;1;10000;10000;CASH;Delivery;Permpuan
256;256;44589;80;Indomie Rasa Soto Lamongan;mie-kuah;makanan;3;10000;30000;CASH;Dine-In;Permpuan
433;433;44794;10;Indomie Goreng Sambal Matah;mie-goreng;makanan;2;9000;18000;CASH;Delivery;Permpuan
12;12;44587;43;Indomie Goreng Sambal Matah;mie-goreng;makanan;3;9000;27000;CASH;Delivery;Laki
199;199;44758;20;Indomie Goreng Sambal Matah;mie-goreng;makanan;1;9000;9000;CASH;Delivery;Permpuan
113;113;44619;24;Indomie Goreng Sambal Matah;mie-goreng;makanan;2;9000;18000;CASH;Dine-In;Permpuan
293;293;44623;79;Indomie Rasa Mi Kocok Bandung;mie-kuah;makanan;2;10000;20000;CASH;Delivery;Permpuan
235;235;44734;72;Indomie Rasa Mi Kocok Bandung;mie-kuah;makanan;1;10000;10000;CASH;Dine-In;Permpuan
326;326;44757;20;Indomie Rasa Mi Kocok Bandung;mie-kuah;makanan;3;10000;30000;CASH;Delivery;Permpuan
107;107;44575;86;Indomie Rasa Mi Kocok Bandung;mie-kuah;makanan;2;10000;20000;CASH;Dine-In;Laki
128;128;44766;18;Indomie Rasa Soto Banjar Limau Kuit;mie-kuah;makanan;1;10000;10000;CASH;Dine-In;Permpuan
90;90;44584;57;Indomie Rasa Soto Banjar Limau Kuit;mie-kuah;makanan;2;10000;20000;CASH;Dine-In;Permpuan
30;30;44699;62;Indomie Rasa Soto Banjar Limau Kuit;mie-kuah;makanan;1;10000;10000;CASH;Delivery;Laki
98;98;44651;50;Indomie Rasa Soto Banjar Limau Kuit;mie-kuah;makanan;1;10000;10000;CASH;Dine-In;Permpuan
428;428;44715;50;Indomie Rasa Soto Banjar Limau Kuit;mie-kuah;makanan;2;10000;20000;CASH;Dine-In;Permpuan
158;158;44682;10;Indomie Rasa Soto Banjar Limau Kuit;mie-kuah;makanan;1;10000;10000;CASH;Dine-In;Permpuan
344;344;44750;44;Indomie Rasa Soto Banjar Limau Kuit;mie-kuah;makanan;1;10000;10000;CASH;Dine-In;Permpuan
164;164;44597;23;Indomie Rasa Soto Banjar Limau Kuit;mie-kuah;makanan;3;10000;30000;CASH;Delivery;Permpuan
348;348;44779;39;Indomie Rasa Soto Banjar Limau Kuit;mie-kuah;makanan;2;10000;20000;CASH;Dine-In;Permpuan
95;95;44741;80;Indomie Soto Mie;mie-kuah;makanan;2;9000;18000;QRIS-OVO;Delivery;Permpuan
499;499;44733;79;Indomie Soto Mie;mie-kuah;makanan;1;9000;9000;QRIS-OVO;Dine-In;Permpuan
396;396;44745;57;Indomie Soto Mie;mie-kuah;makanan;2;9000;18000;QRIS-OVO;Delivery;Permpuan
46;46;44642;38;Indomie Soto Mie;mie-kuah;makanan;2;9000;18000;QRIS-OVO;Dine-In;Laki
450;450;44588;65;Indomie Soto Mie;mie-kuah;makanan;1;9000;9000;QRIS-OVO;Dine-In;Laki
407;407;44697;72;Indomie Baso Sapi;mie-kuah;makanan;2;9000;18000;QRIS-OVO;Delivery;Permpuan
298;298;44803;75;Indomie Baso Sapi;mie-kuah;makanan;2;9000;18000;QRIS-OVO;Delivery;Laki
213;213;44741;21;indomie Kari Ayam;mie-kuah;makanan;3;9000;27000;QRIS-OVO;Dine-In;Permpuan
150;150;44727;54;indomie Kari Ayam;mie-kuah;makanan;1;9000;9000;QRIS-OVO;Dine-In;Laki
45;45;44636;25;indomie Kari Ayam;mie-kuah;makanan;1;9000;9000;QRIS-OVO;Dine-In;Permpuan
346;346;44671;7;indomie Kari Ayam;mie-kuah;makanan;2;9000;18000;QRIS-OVO;Dine-In;Permpuan
471;471;44614;32;indomie Kari Ayam;mie-kuah;makanan;1;9000;9000;QRIS-OVO;Delivery;Laki
173;173;44791;51;indomie Kari Ayam;mie-kuah;makanan;1;9000;9000;QRIS-OVO;Dine-In;Permpuan
78;78;44770;34;indomie Kari Ayam;mie-kuah;makanan;1;9000;9000;QRIS-OVO;Delivery;Laki
485;485;44789;5;Indomie Goreng Aceh;mie-goreng;makanan;2;9000;18000;QRIS-OVO;Delivery;Permpuan
21;21;44726;14;Indomie Goreng Aceh;mie-goreng;makanan;2;9000;18000;QRIS-OVO;Delivery;Permpuan
102;102;44642;74;Indomie Goreng Aceh;mie-goreng;makanan;2;9000;18000;QRIS-OVO;Dine-In;Laki
40;40;44644;69;indomie Ayam Bawang;mie-kuah;makanan;2;9000;18000;QRIS-OVO;Dine-In;Permpuan
457;457;44602;32;indomie Ayam Bawang;mie-kuah;makanan;2;9000;18000;QRIS-OVO;Delivery;Laki
59;59;44689;88;indomie Ayam Bawang;mie-kuah;makanan;2;9000;18000;QRIS-OVO;Delivery;Laki
491;491;44695;58;indomie Ayam Bawang;mie-kuah;makanan;3;9000;27000;QRIS-OVO;Dine-In;Permpuan
120;120;44615;68;Indomie Ayam Spesial;mie-kuah;makanan;1;9000;9000;QRIS-OVO;Delivery;Laki
463;463;44682;6;Indomie Ayam Spesial;mie-kuah;makanan;1;9000;9000;QRIS-OVO;Delivery;Permpuan
461;461;44659;37;Indomie Ayam Spesial;mie-kuah;makanan;2;9000;18000;QRIS-OVO;Delivery;Permpuan
1;1;44662;44;Indomie Ayam Spesial;mie-kuah;makanan;2;9000;18000;QRIS-OVO;Dine-In;Permpuan
288;288;44600;68;Indomie Goreng Pedas;mie-goreng;makanan;2;9000;18000;QRIS-OVO;Delivery;Laki
267;267;44789;64;Indomie Goreng Pedas;mie-goreng;makanan;3;9000;27000;QRIS-OVO;Dine-In;Permpuan
49;49;44596;89;Indomie Goreng Pedas;mie-goreng;makanan;2;9000;18000;QRIS-OVO;Delivery;Permpuan
413;413;44589;91;Indomie Goreng Pedas;mie-goreng;makanan;3;9000;27000;QRIS-OVO;Dine-In;Permpuan
55;55;44589;15;Indomie Goreng Pedas;mie-goreng;makanan;2;9000;18000;QRIS-OVO;Dine-In;Permpuan
264;264;44620;67;Indomie Goreng Rendang;mie-goreng;makanan;1;9000;9000;QRIS-OVO;Delivery;Laki
65;65;44790;98;Indomie Goreng Rendang;mie-goreng;makanan;3;9000;27000;QRIS-OVO;Dine-In;Permpuan
493;493;44757;96;Indomie Goreng Spesial;mie-goreng;makanan;3;9000;27000;QRIS-OVO;Delivery;Laki
336;336;44761;80;Indomie Goreng Spesial;mie-goreng;makanan;1;9000;9000;QRIS-OVO;Delivery;Permpuan
22;22;44794;10;Indomie Goreng Spesial;mie-goreng;makanan;2;9000;18000;QRIS-OVO;Delivery;Permpuan
104;104;44756;82;Indomie Goreng Spesial;mie-goreng;makanan;3;9000;27000;QRIS-OVO;Dine-In;Permpuan
263;263;44566;81;Indomie Goreng Cabe Ijo;mie-goreng;makanan;1;9000;9000;QRIS-OVO;Dine-In;Permpuan
76;76;44661;20;Indomie Goreng Cabe Ijo;mie-goreng;makanan;1;9000;9000;QRIS-OVO;Delivery;Permpuan
10;10;44723;86;Indomie Goreng Cabe Ijo;mie-goreng;makanan;1;9000;9000;QRIS-OVO;Delivery;Laki
339;339;44597;78;Indomie Goreng Cabe Ijo;mie-goreng;makanan;3;9000;27000;QRIS-OVO;Delivery;Permpuan
42;42;44743;90;Indomie Goreng Cabe Ijo;mie-goreng;makanan;3;9000;27000;QRIS-OVO;Delivery;Laki
172;172;44623;57;Indomie Goreng Cabe Ijo;mie-goreng;makanan;3;9000;27000;QRIS-OVO;Dine-In;Permpuan
5;5;44680;87;Indomie Rasa Sop Buntut;mie-kuah;makanan;2;10000;20000;QRIS-OVO;Dine-In;Permpuan
411;411;44683;10;Indomie Rasa Sop Buntut;mie-kuah;makanan;2;10000;20000;QRIS-OVO;Dine-In;Permpuan
186;186;44771;93;Indomie Rasa Sop Buntut;mie-kuah;makanan;3;10000;30000;QRIS-OVO;Dine-In;Laki
8;8;44569;94;Indomie Rasa Sop Buntut;mie-kuah;makanan;2;10000;20000;QRIS-OVO;Dine-In;Laki
253;253;44723;27;Indomie Rasa Soto Betawi;mie-kuah;makanan;3;10000;30000;QRIS-OVO;Dine-In;Permpuan
75;75;44670;36;Indomie Rasa Soto Betawi;mie-kuah;makanan;2;10000;20000;QRIS-OVO;Delivery;Laki
439;439;44792;39;Indomie Rasa Soto Betawi;mie-kuah;makanan;2;10000;20000;QRIS-OVO;Delivery;Permpuan
356;356;44620;36;Indomie Rasa Soto Betawi;mie-kuah;makanan;2;10000;20000;QRIS-OVO;Dine-In;Laki
408;408;44699;84;Indomie Rasa Soto Betawi;mie-kuah;makanan;2;10000;20000;QRIS-OVO;Dine-In;Laki
394;394;44766;88;Indomie Rasa Soto Betawi;mie-kuah;makanan;2;10000;20000;QRIS-OVO;Delivery;Laki
474;474;44716;11;Indomie Rasa Soto Padang;mie-kuah;makanan;3;10000;30000;QRIS-OVO;Delivery;Laki
488;488;44713;16;Indomie Rasa Soto Padang;mie-kuah;makanan;2;10000;20000;QRIS-OVO;Delivery;Laki
176;176;44594;87;Indomie Rasa Empal Gentong;mie-kuah;makanan;1;10000;10000;QRIS-OVO;Delivery;Permpuan
63;63;44718;60;Indomie Rasa Empal Gentong;mie-kuah;makanan;3;10000;30000;QRIS-OVO;Delivery;Laki
153;153;44784;97;Indomie Rasa Empal Gentong;mie-kuah;makanan;1;10000;10000;QRIS-OVO;Delivery;Permpuan
414;414;44765;73;Indomie Rasa Empal Gentong;mie-kuah;makanan;2;10000;20000;QRIS-OVO;Dine-In;Permpuan
220;220;44610;46;Indomie Rasa Empal Gentong;mie-kuah;makanan;3;10000;30000;QRIS-OVO;Dine-In;Laki
77;77;44667;61;Indomie Rasa Empal Gentong;mie-kuah;makanan;2;10000;20000;QRIS-OVO;Delivery;Laki
376;376;44660;56;Indomie Rasa Empal Gentong;mie-kuah;makanan;2;10000;20000;QRIS-OVO;Delivery;Permpuan
421;421;44598;59;Indomie Rasa Empal Gentong;mie-kuah;makanan;3;10000;30000;QRIS-OVO;Delivery;Permpuan
440;440;44623;85;Indomie Rasa Empal Gentong;mie-kuah;makanan;3;10000;30000;QRIS-OVO;Dine-In;Permpuan
122;122;44618;43;Indomie Rasa Empal Gentong;mie-kuah;makanan;2;10000;20000;QRIS-OVO;Dine-In;Laki
230;230;44640;45;Indomie Rasa Empal Gentong;mie-kuah;makanan;2;10000;20000;QRIS-OVO;Dine-In;Permpuan
156;156;44731;32;Indomie Rasa Empal Gentong;mie-kuah;makanan;1;10000;10000;QRIS-OVO;Delivery;Laki
187;187;44705;84;Indomie Rasa Soto Lamongan;mie-kuah;makanan;1;10000;10000;QRIS-OVO;Dine-In;Laki
246;246;44601;12;Indomie Rasa Soto Lamongan;mie-kuah;makanan;1;10000;10000;QRIS-OVO;Delivery;Permpuan
162;162;44590;47;Indomie Rasa Soto Lamongan;mie-kuah;makanan;1;10000;10000;QRIS-OVO;Dine-In;Laki
119;119;44585;27;Indomie Goreng Sambal Matah;mie-goreng;makanan;1;9000;9000;QRIS-OVO;Delivery;Permpuan
238;238;44712;28;Indomie Goreng Sambal Matah;mie-goreng;makanan;3;9000;27000;QRIS-OVO;Delivery;Permpuan
425;425;44651;40;Indomie Goreng Sambal Matah;mie-goreng;makanan;1;9000;9000;QRIS-OVO;Delivery;Laki
181;181;44623;89;Indomie Goreng Sambal Matah;mie-goreng;makanan;2;9000;18000;QRIS-OVO;Dine-In;Permpuan
177;177;44599;6;Indomie Rasa Mi Kocok Bandung;mie-kuah;makanan;2;10000;20000;QRIS-OVO;Delivery;Permpuan
456;456;44700;61;Indomie Rasa Mi Kocok Bandung;mie-kuah;makanan;2;10000;20000;QRIS-OVO;Dine-In;Laki
170;170;44632;72;Indomie Rasa Mi Kocok Bandung;mie-kuah;makanan;1;10000;10000;QRIS-OVO;Delivery;Permpuan
67;67;44642;71;Indomie Rasa Mi Kocok Bandung;mie-kuah;makanan;1;10000;10000;QRIS-OVO;Dine-In;Permpuan
16;16;44699;9;Indomie Rasa Mi Kocok Bandung;mie-kuah;makanan;1;10000;10000;QRIS-OVO;Delivery;Permpuan
335;335;44696;54;Indomie Rasa Mi Kocok Bandung;mie-kuah;makanan;2;10000;20000;QRIS-OVO;Dine-In;Laki
341;341;44575;96;Indomie Rasa Mi Kocok Bandung;mie-kuah;makanan;3;10000;30000;QRIS-OVO;Dine-In;Laki
369;369;44669;18;Indomie Rasa Soto Banjar Limau Kuit;mie-kuah;makanan;3;10000;30000;QRIS-OVO;Dine-In;Permpuan
195;195;44600;22;Indomie Rasa Soto Banjar Limau Kuit;mie-kuah;makanan;2;10000;20000;QRIS-OVO;Dine-In;Permpuan
152;152;44725;68;Indomie Rasa Soto Banjar Limau Kuit;mie-kuah;makanan;3;10000;30000;QRIS-OVO;Dine-In;Laki
223;223;44607;75;Indomie Rasa Soto Banjar Limau Kuit;mie-kuah;makanan;2;10000;20000;QRIS-OVO;Dine-In;Laki
454;454;44754;10;Indomie Rasa Soto Banjar Limau Kuit;mie-kuah;makanan;2;10000;20000;QRIS-OVO;Dine-In;Permpuan
214;214;44607;48;Indomie Rasa Soto Banjar Limau Kuit;mie-kuah;makanan;2;10000;20000;QRIS-OVO;Delivery;Permpuan
227;227;44762;20;Indomie Rasa Soto Banjar Limau Kuit;mie-kuah;makanan;2;10000;20000;QRIS-OVO;Dine-In;Permpuan
9;9;44564;6;Indomie Soto Mie;mie-kuah;makanan;2;9000;18000;QRIS-DANA;Dine-In;Permpuan
197;197;44619;18;Indomie Soto Mie;mie-kuah;makanan;3;9000;27000;QRIS-DANA;Delivery;Permpuan
94;94;44577;11;Indomie Baso Sapi;mie-kuah;makanan;1;9000;9000;QRIS-DANA;Dine-In;Laki
224;224;44568;72;Indomie Baso Sapi;mie-kuah;makanan;2;9000;18000;QRIS-DANA;Dine-In;Permpuan
286;286;44766;23;Indomie Baso Sapi;mie-kuah;makanan;3;9000;27000;QRIS-DANA;Dine-In;Permpuan
273;273;44710;63;Indomie Baso Sapi;mie-kuah;makanan;3;9000;27000;QRIS-DANA;Dine-In;Laki
188;188;44585;72;Indomie Baso Sapi;mie-kuah;makanan;2;9000;18000;QRIS-DANA;Delivery;Permpuan
33;33;44586;75;Indomie Baso Sapi;mie-kuah;makanan;2;9000;18000;QRIS-DANA;Delivery;Laki
316;316;44734;49;Indomie Baso Sapi;mie-kuah;makanan;3;9000;27000;QRIS-DANA;Dine-In;Permpuan
274;274;44567;21;indomie Kari Ayam;mie-kuah;makanan;1;9000;9000;QRIS-DANA;Dine-In;Permpuan
410;410;44632;53;indomie Kari Ayam;mie-kuah;makanan;3;9000;27000;QRIS-DANA;Delivery;Permpuan
409;409;44698;38;indomie Kari Ayam;mie-kuah;makanan;1;9000;9000;QRIS-DANA;Delivery;Laki
180;180;44738;18;indomie Kari Ayam;mie-kuah;makanan;1;9000;9000;QRIS-DANA;Delivery;Permpuan
313;313;44599;9;indomie Kari Ayam;mie-kuah;makanan;1;9000;9000;QRIS-DANA;Dine-In;Permpuan
191;191;44749;60;indomie Kari Ayam;mie-kuah;makanan;1;9000;9000;QRIS-DANA;Delivery;Laki
260;260;44739;24;indomie Kari Ayam;mie-kuah;makanan;2;9000;18000;QRIS-DANA;Delivery;Permpuan
262;262;44695;15;Indomie Goreng Aceh;mie-goreng;makanan;3;9000;27000;QRIS-DANA;Delivery;Permpuan
123;123;44690;13;Indomie Goreng Aceh;mie-goreng;makanan;3;9000;27000;QRIS-DANA;Delivery;Permpuan
430;430;44691;89;Indomie Goreng Aceh;mie-goreng;makanan;1;9000;9000;QRIS-DANA;Delivery;Permpuan
241;241;44657;73;indomie Ayam Bawang;mie-kuah;makanan;1;9000;9000;QRIS-DANA;Delivery;Permpuan
189;189;44787;60;indomie Ayam Bawang;mie-kuah;makanan;1;9000;9000;QRIS-DANA;Dine-In;Laki
154;154;44705;34;indomie Ayam Bawang;mie-kuah;makanan;1;9000;9000;QRIS-DANA;Dine-In;Laki
38;38;44601;14;indomie Ayam Bawang;mie-kuah;makanan;2;9000;18000;QRIS-DANA;Dine-In;Permpuan
198;198;44618;15;Indomie Ayam Spesial;mie-kuah;makanan;3;9000;27000;QRIS-DANA;Dine-In;Permpuan
296;296;44626;13;Indomie Ayam Spesial;mie-kuah;makanan;3;9000;27000;QRIS-DANA;Delivery;Permpuan
484;484;44658;46;Indomie Ayam Spesial;mie-kuah;makanan;2;9000;18000;QRIS-DANA;Delivery;Laki
378;378;44730;60;Indomie Ayam Spesial;mie-kuah;makanan;3;9000;27000;QRIS-DANA;Delivery;Laki
25;25;44635;40;Indomie Ayam Spesial;mie-kuah;makanan;3;9000;27000;QRIS-DANA;Dine-In;Laki
352;352;44630;32;Indomie Goreng Pedas;mie-goreng;makanan;3;9000;27000;QRIS-DANA;Dine-In;Laki
476;476;44601;70;Indomie Goreng Pedas;mie-goreng;makanan;3;9000;27000;QRIS-DANA;Delivery;Permpuan
498;498;44795;39;Indomie Goreng Pedas;mie-goreng;makanan;2;9000;18000;QRIS-DANA;Delivery;Permpuan
136;136;44798;62;Indomie Goreng Pedas;mie-goreng;makanan;2;9000;18000;QRIS-DANA;Dine-In;Laki
157;157;44659;72;Indomie Goreng Pedas;mie-goreng;makanan;3;9000;27000;QRIS-DANA;Delivery;Permpuan
175;175;44771;58;Indomie Goreng Rendang;mie-goreng;makanan;1;9000;9000;QRIS-DANA;Delivery;Permpuan
276;276;44719;25;Indomie Goreng Rendang;mie-goreng;makanan;3;9000;27000;QRIS-DANA;Dine-In;Permpuan
202;202;44791;12;Indomie Goreng Rendang;mie-goreng;makanan;2;9000;18000;QRIS-DANA;Dine-In;Permpuan
312;312;44766;21;Indomie Goreng Spesial;mie-goreng;makanan;3;9000;27000;QRIS-DANA;Delivery;Permpuan
277;277;44802;92;Indomie Goreng Spesial;mie-goreng;makanan;1;9000;9000;QRIS-DANA;Dine-In;Laki
219;219;44646;98;Indomie Goreng Spesial;mie-goreng;makanan;3;9000;27000;QRIS-DANA;Delivery;Permpuan
321;321;44796;80;Indomie Goreng Spesial;mie-goreng;makanan;3;9000;27000;QRIS-DANA;Delivery;Permpuan
392;392;44638;9;Indomie Goreng Spesial;mie-goreng;makanan;1;9000;9000;QRIS-DANA;Delivery;Permpuan
36;36;44719;72;Indomie Goreng Spesial;mie-goreng;makanan;2;9000;18000;QRIS-DANA;Dine-In;Permpuan
323;323;44587;82;Indomie Goreng Spesial;mie-goreng;makanan;2;9000;18000;QRIS-DANA;Dine-In;Permpuan
415;415;44618;55;Indomie Goreng Cabe Ijo;mie-goreng;makanan;1;9000;9000;QRIS-DANA;Dine-In;Permpuan
317;317;44596;22;Indomie Goreng Cabe Ijo;mie-goreng;makanan;1;9000;9000;QRIS-DANA;Dine-In;Permpuan
292;292;44678;48;Indomie Goreng Cabe Ijo;mie-goreng;makanan;1;9000;9000;QRIS-DANA;Dine-In;Permpuan
32;32;44759;93;Indomie Goreng Cabe Ijo;mie-goreng;makanan;3;9000;27000;QRIS-DANA;Delivery;Laki
423;423;44760;99;Indomie Goreng Cabe Ijo;mie-goreng;makanan;1;9000;9000;QRIS-DANA;Dine-In;Laki
330;330;44717;8;Indomie Rasa Sop Buntut;mie-kuah;makanan;3;10000;30000;QRIS-DANA;Dine-In;Permpuan
117;117;44661;42;Indomie Rasa Soto Betawi;mie-kuah;makanan;3;10000;30000;QRIS-DANA;Delivery;Permpuan
337;337;44677;21;Indomie Rasa Soto Betawi;mie-kuah;makanan;1;10000;10000;QRIS-DANA;Delivery;Permpuan
478;478;44739;57;Indomie Rasa Soto Betawi;mie-kuah;makanan;2;10000;20000;QRIS-DANA;Delivery;Permpuan
51;51;44718;51;Indomie Rasa Soto Betawi;mie-kuah;makanan;2;10000;20000;QRIS-DANA;Delivery;Permpuan
373;373;44731;1;Indomie Rasa Soto Betawi;mie-kuah;makanan;1;10000;10000;QRIS-DANA;Dine-In;Permpuan
357;357;44787;4;Indomie Rasa Soto Betawi;mie-kuah;makanan;2;10000;20000;QRIS-DANA;Dine-In;Laki
489;489;44725;59;Indomie Rasa Soto Betawi;mie-kuah;makanan;2;10000;20000;QRIS-DANA;Dine-In;Permpuan
328;328;44658;69;Indomie Rasa Soto Betawi;mie-kuah;makanan;1;10000;10000;QRIS-DANA;Dine-In;Permpuan
278;278;44583;94;Indomie Rasa Soto Betawi;mie-kuah;makanan;3;10000;30000;QRIS-DANA;Dine-In;Laki
294;294;44796;28;Indomie Rasa Soto Padang;mie-kuah;makanan;3;10000;30000;QRIS-DANA;Dine-In;Permpuan
395;395;44802;98;Indomie Rasa Soto Padang;mie-kuah;makanan;2;10000;20000;QRIS-DANA;Dine-In;Permpuan
257;257;44662;3;Indomie Rasa Soto Padang;mie-kuah;makanan;2;10000;20000;QRIS-DANA;Delivery;Laki
453;453;44666;8;Indomie Rasa Soto Padang;mie-kuah;makanan;1;10000;10000;QRIS-DANA;Delivery;Permpuan
118;118;44698;41;Indomie Rasa Soto Padang;mie-kuah;makanan;1;10000;10000;QRIS-DANA;Dine-In;Permpuan
436;436;44714;52;Indomie Rasa Soto Padang;mie-kuah;makanan;1;10000;10000;QRIS-DANA;Delivery;Laki
62;62;44627;88;Indomie Rasa Empal Gentong;mie-kuah;makanan;2;10000;20000;QRIS-DANA;Delivery;Laki
124;124;44780;28;Indomie Rasa Empal Gentong;mie-kuah;makanan;3;10000;30000;QRIS-DANA;Dine-In;Permpuan
331;331;44612;68;Indomie Rasa Empal Gentong;mie-kuah;makanan;1;10000;10000;QRIS-DANA;Dine-In;Laki
477;477;44763;84;Indomie Rasa Empal Gentong;mie-kuah;makanan;2;10000;20000;QRIS-DANA;Delivery;Laki
272;272;44760;27;Indomie Rasa Soto Lamongan;mie-kuah;makanan;2;10000;20000;QRIS-DANA;Dine-In;Permpuan
91;91;44769;67;Indomie Rasa Soto Lamongan;mie-kuah;makanan;2;10000;20000;QRIS-DANA;Dine-In;Laki
363;363;44693;84;Indomie Rasa Soto Lamongan;mie-kuah;makanan;2;10000;20000;QRIS-DANA;Delivery;Laki
359;359;44571;26;Indomie Rasa Soto Lamongan;mie-kuah;makanan;1;10000;10000;QRIS-DANA;Dine-In;Permpuan
300;300;44712;37;Indomie Goreng Sambal Matah;mie-goreng;makanan;3;9000;27000;QRIS-DANA;Dine-In;Permpuan
297;297;44674;30;Indomie Goreng Sambal Matah;mie-goreng;makanan;1;9000;9000;QRIS-DANA;Dine-In;Permpuan
79;79;44770;27;Indomie Goreng Sambal Matah;mie-goreng;makanan;1;9000;9000;QRIS-DANA;Dine-In;Permpuan
437;437;44650;71;Indomie Rasa Mi Kocok Bandung;mie-kuah;makanan;2;10000;20000;QRIS-DANA;Delivery;Permpuan
427;427;44762;21;Indomie Rasa Soto Banjar Limau Kuit;mie-kuah;makanan;3;10000;30000;QRIS-DANA;Delivery;Permpuan
349;349;44568;54;Indomie Rasa Soto Banjar Limau Kuit;mie-kuah;makanan;2;10000;20000;QRIS-DANA;Dine-In;Laki
443;443;44683;78;Indomie Rasa Soto Banjar Limau Kuit;mie-kuah;makanan;1;10000;10000;QRIS-DANA;Dine-In;Permpuan
141;141;44649;16;Indomie Rasa Soto Banjar Limau Kuit;mie-kuah;makanan;3;10000;30000;QRIS-DANA;Dine-In;Laki
255;255;44575;21;Indomie Rasa Soto Banjar Limau Kuit;mie-kuah;makanan;1;10000;10000;QRIS-DANA;Dine-In;Permpuan
106;106;44713;84;Indomie Soto Mie;mie-kuah;makanan;2;9000;18000;QRIS-GOPAY;Dine-In;Laki
17;17;44664;73;Indomie Soto Mie;mie-kuah;makanan;2;9000;18000;QRIS-GOPAY;Dine-In;Permpuan
280;280;44678;39;Indomie Soto Mie;mie-kuah;makanan;3;9000;27000;QRIS-GOPAY;Dine-In;Permpuan
112;112;44607;15;Indomie Soto Mie;mie-kuah;makanan;2;9000;18000;QRIS-GOPAY;Delivery;Permpuan
429;429;44586;13;Indomie Soto Mie;mie-kuah;makanan;3;9000;27000;QRIS-GOPAY;Dine-In;Permpuan
446;446;44562;76;Indomie Baso Sapi;mie-kuah;makanan;2;9000;18000;QRIS-GOPAY;Dine-In;Laki
424;424;44734;53;Indomie Baso Sapi;mie-kuah;makanan;2;9000;18000;QRIS-GOPAY;Dine-In;Permpuan
28;28;44759;73;Indomie Baso Sapi;mie-kuah;makanan;2;9000;18000;QRIS-GOPAY;Delivery;Permpuan
211;211;44747;48;indomie Kari Ayam;mie-kuah;makanan;2;9000;18000;QRIS-GOPAY;Dine-In;Permpuan
66;66;44768;81;indomie Kari Ayam;mie-kuah;makanan;1;9000;9000;QRIS-GOPAY;Delivery;Permpuan
482;482;44600;67;indomie Kari Ayam;mie-kuah;makanan;1;9000;9000;QRIS-GOPAY;Delivery;Laki
109;109;44720;23;indomie Kari Ayam;mie-kuah;makanan;3;9000;27000;QRIS-GOPAY;Dine-In;Permpuan
390;390;44765;97;indomie Kari Ayam;mie-kuah;makanan;1;9000;9000;QRIS-GOPAY;Delivery;Permpuan
145;145;44603;88;Indomie Goreng Aceh;mie-goreng;makanan;1;9000;9000;QRIS-GOPAY;Delivery;Laki
217;217;44777;30;Indomie Goreng Aceh;mie-goreng;makanan;3;9000;27000;QRIS-GOPAY;Delivery;Permpuan
275;275;44571;1;Indomie Goreng Aceh;mie-goreng;makanan;2;9000;18000;QRIS-GOPAY;Delivery;Permpuan
127;127;44563;62;Indomie Goreng Aceh;mie-goreng;makanan;2;9000;18000;QRIS-GOPAY;Dine-In;Laki
11;11;44569;41;Indomie Goreng Aceh;mie-goreng;makanan;2;9000;18000;QRIS-GOPAY;Delivery;Permpuan
89;89;44700;65;Indomie Goreng Aceh;mie-goreng;makanan;2;9000;18000;QRIS-GOPAY;Dine-In;Laki
295;295;44614;59;indomie Ayam Bawang;mie-kuah;makanan;2;9000;18000;QRIS-GOPAY;Dine-In;Permpuan
400;400;44647;34;indomie Ayam Bawang;mie-kuah;makanan;3;9000;27000;QRIS-GOPAY;Delivery;Laki
148;148;44617;39;indomie Ayam Bawang;mie-kuah;makanan;3;9000;27000;QRIS-GOPAY;Delivery;Permpuan
200;200;44757;58;Indomie Ayam Spesial;mie-kuah;makanan;2;9000;18000;QRIS-GOPAY;Dine-In;Permpuan
70;70;44726;14;Indomie Ayam Spesial;mie-kuah;makanan;2;9000;18000;QRIS-GOPAY;Delivery;Permpuan
239;239;44564;93;Indomie Ayam Spesial;mie-kuah;makanan;3;9000;27000;QRIS-GOPAY;Delivery;Laki
386;386;44581;15;Indomie Goreng Pedas;mie-goreng;makanan;1;9000;9000;QRIS-GOPAY;Dine-In;Permpuan
307;307;44725;82;Indomie Goreng Pedas;mie-goreng;makanan;2;9000;18000;QRIS-GOPAY;Delivery;Permpuan
372;372;44591;18;Indomie Goreng Pedas;mie-goreng;makanan;1;9000;9000;QRIS-GOPAY;Dine-In;Permpuan
48;48;44566;45;Indomie Goreng Pedas;mie-goreng;makanan;1;9000;9000;QRIS-GOPAY;Delivery;Permpuan
93;93;44695;9;Indomie Goreng Pedas;mie-goreng;makanan;1;9000;9000;QRIS-GOPAY;Dine-In;Permpuan
418;418;44705;63;Indomie Goreng Pedas;mie-goreng;makanan;2;9000;18000;QRIS-GOPAY;Dine-In;Laki
497;497;44756;25;Indomie Goreng Rendang;mie-goreng;makanan;2;9000;18000;QRIS-GOPAY;Delivery;Permpuan
355;355;44577;68;Indomie Goreng Rendang;mie-goreng;makanan;1;9000;9000;QRIS-GOPAY;Dine-In;Laki
329;329;44652;52;Indomie Goreng Rendang;mie-goreng;makanan;2;9000;18000;QRIS-GOPAY;Dine-In;Laki
318;318;44734;74;Indomie Goreng Rendang;mie-goreng;makanan;1;9000;9000;QRIS-GOPAY;Delivery;Laki
406;406;44626;97;Indomie Goreng Spesial;mie-goreng;makanan;2;9000;18000;QRIS-GOPAY;Delivery;Permpuan
210;210;44790;16;Indomie Goreng Spesial;mie-goreng;makanan;1;9000;9000;QRIS-GOPAY;Dine-In;Laki
496;496;44718;55;Indomie Goreng Spesial;mie-goreng;makanan;1;9000;9000;QRIS-GOPAY;Delivery;Permpuan
121;121;44592;4;Indomie Goreng Spesial;mie-goreng;makanan;3;9000;27000;QRIS-GOPAY;Delivery;Laki
245;245;44662;74;Indomie Goreng Cabe Ijo;mie-goreng;makanan;3;9000;27000;QRIS-GOPAY;Delivery;Laki
281;281;44698;64;Indomie Goreng Cabe Ijo;mie-goreng;makanan;3;9000;27000;QRIS-GOPAY;Dine-In;Permpuan
367;367;44710;48;Indomie Goreng Cabe Ijo;mie-goreng;makanan;1;9000;9000;QRIS-GOPAY;Delivery;Permpuan
361;361;44783;58;Indomie Goreng Cabe Ijo;mie-goreng;makanan;3;9000;27000;QRIS-GOPAY;Delivery;Permpuan
441;441;44676;90;Indomie Goreng Cabe Ijo;mie-goreng;makanan;2;9000;18000;QRIS-GOPAY;Dine-In;Laki
37;37;44745;95;Indomie Rasa Sop Buntut;mie-kuah;makanan;2;10000;20000;QRIS-GOPAY;Dine-In;Laki
464;464;44611;16;Indomie Rasa Sop Buntut;mie-kuah;makanan;2;10000;20000;QRIS-GOPAY;Dine-In;Laki
462;462;44802;42;Indomie Rasa Sop Buntut;mie-kuah;makanan;2;10000;20000;QRIS-GOPAY;Dine-In;Permpuan
384;384;44634;9;Indomie Rasa Sop Buntut;mie-kuah;makanan;2;10000;20000;QRIS-GOPAY;Dine-In;Permpuan
108;108;44749;8;Indomie Rasa Sop Buntut;mie-kuah;makanan;1;10000;10000;QRIS-GOPAY;Delivery;Permpuan
420;420;44691;2;Indomie Rasa Sop Buntut;mie-kuah;makanan;1;10000;10000;QRIS-GOPAY;Dine-In;Permpuan
370;370;44613;52;Indomie Rasa Soto Betawi;mie-kuah;makanan;3;10000;30000;QRIS-GOPAY;Delivery;Laki
467;467;44624;9;Indomie Rasa Soto Betawi;mie-kuah;makanan;2;10000;20000;QRIS-GOPAY;Delivery;Permpuan
168;168;44747;46;Indomie Rasa Soto Betawi;mie-kuah;makanan;2;10000;20000;QRIS-GOPAY;Delivery;Laki
179;179;44790;35;Indomie Rasa Soto Betawi;mie-kuah;makanan;3;10000;30000;QRIS-GOPAY;Delivery;Permpuan
416;416;44643;11;Indomie Rasa Soto Betawi;mie-kuah;makanan;1;10000;10000;QRIS-GOPAY;Dine-In;Laki
165;165;44712;35;Indomie Rasa Soto Betawi;mie-kuah;makanan;1;10000;10000;QRIS-GOPAY;Dine-In;Permpuan
442;442;44800;15;Indomie Rasa Soto Betawi;mie-kuah;makanan;2;10000;20000;QRIS-GOPAY;Dine-In;Permpuan
19;19;44698;66;Indomie Rasa Soto Betawi;mie-kuah;makanan;3;10000;30000;QRIS-GOPAY;Dine-In;Laki
327;327;44712;79;Indomie Rasa Soto Betawi;mie-kuah;makanan;1;10000;10000;QRIS-GOPAY;Delivery;Permpuan
351;351;44676;29;Indomie Rasa Soto Padang;mie-kuah;makanan;3;10000;30000;QRIS-GOPAY;Dine-In;Permpuan
71;71;44599;7;Indomie Rasa Soto Padang;mie-kuah;makanan;3;10000;30000;QRIS-GOPAY;Dine-In;Permpuan
72;72;44685;28;Indomie Rasa Soto Padang;mie-kuah;makanan;2;10000;20000;QRIS-GOPAY;Delivery;Permpuan
469;469;44718;40;Indomie Rasa Soto Padang;mie-kuah;makanan;2;10000;20000;QRIS-GOPAY;Dine-In;Laki
206;206;44563;12;Indomie Rasa Empal Gentong;mie-kuah;makanan;2;10000;20000;QRIS-GOPAY;Dine-In;Permpuan
486;486;44772;57;Indomie Rasa Empal Gentong;mie-kuah;makanan;3;10000;30000;QRIS-GOPAY;Delivery;Permpuan
289;289;44617;24;Indomie Rasa Soto Lamongan;mie-kuah;makanan;1;10000;10000;QRIS-GOPAY;Delivery;Permpuan
68;68;44797;34;Indomie Rasa Soto Lamongan;mie-kuah;makanan;3;10000;30000;QRIS-GOPAY;Dine-In;Laki
398;398;44671;52;Indomie Rasa Soto Lamongan;mie-kuah;makanan;3;10000;30000;QRIS-GOPAY;Delivery;Laki
380;380;44616;40;Indomie Rasa Soto Lamongan;mie-kuah;makanan;1;10000;10000;QRIS-GOPAY;Dine-In;Laki
53;53;44666;96;Indomie Rasa Soto Lamongan;mie-kuah;makanan;1;10000;10000;QRIS-GOPAY;Dine-In;Laki
483;483;44767;79;Indomie Goreng Sambal Matah;mie-goreng;makanan;3;9000;27000;QRIS-GOPAY;Delivery;Permpuan
309;309;44765;83;Indomie Goreng Sambal Matah;mie-goreng;makanan;1;9000;9000;QRIS-GOPAY;Delivery;Permpuan
306;306;44750;87;Indomie Goreng Sambal Matah;mie-goreng;makanan;3;9000;27000;QRIS-GOPAY;Delivery;Permpuan
225;225;44692;87;Indomie Goreng Sambal Matah;mie-goreng;makanan;3;9000;27000;QRIS-GOPAY;Dine-In;Permpuan
269;269;44692;6;Indomie Rasa Mi Kocok Bandung;mie-kuah;makanan;2;10000;20000;QRIS-GOPAY;Delivery;Permpuan
144;144;44618;14;Indomie Rasa Mi Kocok Bandung;mie-kuah;makanan;2;10000;20000;QRIS-GOPAY;Delivery;Permpuan
183;183;44772;19;Indomie Rasa Mi Kocok Bandung;mie-kuah;makanan;2;10000;20000;QRIS-GOPAY;Dine-In;Permpuan
14;14;44757;58;Indomie Rasa Mi Kocok Bandung;mie-kuah;makanan;2;10000;20000;QRIS-GOPAY;Delivery;Permpuan
445;445;44773;16;Indomie Rasa Mi Kocok Bandung;mie-kuah;makanan;2;10000;20000;QRIS-GOPAY;Delivery;Laki
284;284;44791;9;Indomie Rasa Mi Kocok Bandung;mie-kuah;makanan;3;10000;30000;QRIS-GOPAY;Dine-In;Permpuan
69;69;44603;12;Indomie Rasa Soto Banjar Limau Kuit;mie-kuah;makanan;1;10000;10000;QRIS-GOPAY;Dine-In;Permpuan
236;236;44585;3;Indomie Rasa Soto Banjar Limau Kuit;mie-kuah;makanan;1;10000;10000;QRIS-GOPAY;Delivery;Laki
196;196;44747;6;Indomie Rasa Soto Banjar Limau Kuit;mie-kuah;makanan;1;10000;10000;QRIS-GOPAY;Dine-In;Permpuan
387;387;44672;19;Indomie Rasa Soto Banjar Limau Kuit;mie-kuah;makanan;2;10000;20000;QRIS-GOPAY;Dine-In;Permpuan
282;282;44579;84;Indomie Rasa Soto Banjar Limau Kuit;mie-kuah;makanan;3;10000;30000;QRIS-GOPAY;Dine-In;Laki
167;167;44755;5;Indomie Rasa Soto Banjar Limau Kuit;mie-kuah;makanan;3;10000;30000;QRIS-GOPAY;Dine-In;Permpuan
301;301;44612;6;Indomie Rasa Soto Banjar Limau Kuit;mie-kuah;makanan;3;10000;30000;QRIS-GOPAY;Dine-In;Permpuan
494;494;44774;69;Indomie Rasa Soto Banjar Limau Kuit;mie-kuah;makanan;3;10000;30000;QRIS-GOPAY;Delivery;Permpuan
86;86;44647;16;Indomie Rasa Soto Banjar Limau Kuit;mie-kuah;makanan;1;10000;10000;QRIS-GOPAY;Delivery;Laki
290;290;44642;80;Indomie Soto Mie;mie-kuah;makanan;1;9000;9000;QRIS-OTHERS;Delivery;Permpuan
472;472;44725;10;Indomie Soto Mie;mie-kuah;makanan;2;9000;18000;QRIS-OTHERS;Delivery;Permpuan
96;96;44746;18;Indomie Baso Sapi;mie-kuah;makanan;2;9000;18000;QRIS-OTHERS;Dine-In;Permpuan
143;143;44699;34;Indomie Baso Sapi;mie-kuah;makanan;2;9000;18000;QRIS-OTHERS;Delivery;Laki
54;54;44614;54;Indomie Baso Sapi;mie-kuah;makanan;3;9000;27000;QRIS-OTHERS;Delivery;Laki
404;404;44599;6;Indomie Baso Sapi;mie-kuah;makanan;3;9000;27000;QRIS-OTHERS;Delivery;Permpuan
460;460;44690;32;indomie Kari Ayam;mie-kuah;makanan;1;9000;9000;QRIS-OTHERS;Dine-In;Laki
382;382;44686;56;indomie Kari Ayam;mie-kuah;makanan;3;9000;27000;QRIS-OTHERS;Dine-In;Permpuan
97;97;44755;63;indomie Kari Ayam;mie-kuah;makanan;1;9000;9000;QRIS-OTHERS;Delivery;Laki
209;209;44586;78;indomie Kari Ayam;mie-kuah;makanan;2;9000;18000;QRIS-OTHERS;Delivery;Permpuan
405;405;44688;87;indomie Kari Ayam;mie-kuah;makanan;3;9000;27000;QRIS-OTHERS;Dine-In;Permpuan
455;455;44584;43;Indomie Goreng Aceh;mie-goreng;makanan;2;9000;18000;QRIS-OTHERS;Delivery;Laki
139;139;44687;24;Indomie Goreng Aceh;mie-goreng;makanan;3;9000;27000;QRIS-OTHERS;Delivery;Permpuan
146;146;44773;26;indomie Ayam Bawang;mie-kuah;makanan;1;9000;9000;QRIS-OTHERS;Dine-In;Permpuan
184;184;44574;1;indomie Ayam Bawang;mie-kuah;makanan;2;9000;18000;QRIS-OTHERS;Dine-In;Permpuan
334;334;44772;39;indomie Ayam Bawang;mie-kuah;makanan;2;9000;18000;QRIS-OTHERS;Dine-In;Permpuan
458;458;44750;42;indomie Ayam Bawang;mie-kuah;makanan;1;9000;9000;QRIS-OTHERS;Delivery;Permpuan
449;449;44671;84;indomie Ayam Bawang;mie-kuah;makanan;3;9000;27000;QRIS-OTHERS;Dine-In;Laki
190;190;44651;97;indomie Ayam Bawang;mie-kuah;makanan;3;9000;27000;QRIS-OTHERS;Dine-In;Permpuan
479;479;44688;96;indomie Ayam Bawang;mie-kuah;makanan;1;9000;9000;QRIS-OTHERS;Delivery;Laki
110;110;44652;37;indomie Ayam Bawang;mie-kuah;makanan;3;9000;27000;QRIS-OTHERS;Delivery;Permpuan
342;342;44589;96;indomie Ayam Bawang;mie-kuah;makanan;1;9000;9000;QRIS-OTHERS;Dine-In;Laki
270;270;44707;35;Indomie Ayam Spesial;mie-kuah;makanan;1;9000;9000;QRIS-OTHERS;Delivery;Permpuan
243;243;44781;79;Indomie Ayam Spesial;mie-kuah;makanan;3;9000;27000;QRIS-OTHERS;Delivery;Permpuan
311;311;44604;89;Indomie Ayam Spesial;mie-kuah;makanan;2;9000;18000;QRIS-OTHERS;Dine-In;Permpuan
304;304;44743;95;Indomie Ayam Spesial;mie-kuah;makanan;3;9000;27000;QRIS-OTHERS;Delivery;Laki
31;31;44776;8;Indomie Goreng Pedas;mie-goreng;makanan;1;9000;9000;QRIS-OTHERS;Delivery;Permpuan
291;291;44584;19;Indomie Goreng Rendang;mie-goreng;makanan;3;9000;27000;QRIS-OTHERS;Dine-In;Permpuan
132;132;44662;12;Indomie Goreng Rendang;mie-goreng;makanan;3;9000;27000;QRIS-OTHERS;Delivery;Permpuan
388;388;44778;7;Indomie Goreng Rendang;mie-goreng;makanan;2;9000;18000;QRIS-OTHERS;Dine-In;Permpuan
402;402;44708;66;Indomie Goreng Rendang;mie-goreng;makanan;2;9000;18000;QRIS-OTHERS;Dine-In;Laki
64;64;44682;48;Indomie Goreng Spesial;mie-goreng;makanan;1;9000;9000;QRIS-OTHERS;Delivery;Permpuan
13;13;44572;46;Indomie Goreng Cabe Ijo;mie-goreng;makanan;1;9000;9000;QRIS-OTHERS;Dine-In;Laki
383;383;44703;5;Indomie Goreng Cabe Ijo;mie-goreng;makanan;2;9000;18000;QRIS-OTHERS;Dine-In;Permpuan
60;60;44756;36;Indomie Goreng Cabe Ijo;mie-goreng;makanan;2;9000;18000;QRIS-OTHERS;Dine-In;Laki
174;174;44671;16;Indomie Goreng Cabe Ijo;mie-goreng;makanan;2;9000;18000;QRIS-OTHERS;Dine-In;Laki
487;487;44587;53;Indomie Goreng Cabe Ijo;mie-goreng;makanan;2;9000;18000;QRIS-OTHERS;Dine-In;Permpuan
434;434;44705;4;Indomie Rasa Sop Buntut;mie-kuah;makanan;3;10000;30000;QRIS-OTHERS;Dine-In;Laki
23;23;44732;66;Indomie Rasa Sop Buntut;mie-kuah;makanan;1;10000;10000;QRIS-OTHERS;Delivery;Laki
3;3;44654;62;Indomie Rasa Soto Betawi;mie-kuah;makanan;1;10000;10000;QRIS-OTHERS;Delivery;Laki
138;138;44713;30;Indomie Rasa Soto Betawi;mie-kuah;makanan;1;10000;10000;QRIS-OTHERS;Dine-In;Permpuan
365;365;44693;7;Indomie Rasa Soto Betawi;mie-kuah;makanan;3;10000;30000;QRIS-OTHERS;Delivery;Permpuan
166;166;44751;55;Indomie Rasa Soto Betawi;mie-kuah;makanan;1;10000;10000;QRIS-OTHERS;Dine-In;Permpuan
401;401;44627;70;Indomie Rasa Soto Padang;mie-kuah;makanan;3;10000;30000;QRIS-OTHERS;Dine-In;Permpuan
44;44;44664;95;Indomie Rasa Soto Padang;mie-kuah;makanan;2;10000;20000;QRIS-OTHERS;Delivery;Laki
237;237;44725;60;Indomie Rasa Soto Padang;mie-kuah;makanan;2;10000;20000;QRIS-OTHERS;Delivery;Laki
226;226;44739;16;Indomie Rasa Soto Padang;mie-kuah;makanan;1;10000;10000;QRIS-OTHERS;Delivery;Laki
126;126;44784;50;Indomie Rasa Soto Padang;mie-kuah;makanan;2;10000;20000;QRIS-OTHERS;Dine-In;Permpuan
459;459;44590;79;Indomie Rasa Soto Padang;mie-kuah;makanan;2;10000;20000;QRIS-OTHERS;Dine-In;Permpuan
171;171;44643;50;Indomie Rasa Empal Gentong;mie-kuah;makanan;1;10000;10000;QRIS-OTHERS;Dine-In;Permpuan
470;470;44636;54;Indomie Rasa Empal Gentong;mie-kuah;makanan;2;10000;20000;QRIS-OTHERS;Dine-In;Laki
366;366;44773;69;Indomie Rasa Empal Gentong;mie-kuah;makanan;3;10000;30000;QRIS-OTHERS;Delivery;Permpuan
212;212;44799;29;Indomie Rasa Empal Gentong;mie-kuah;makanan;3;10000;30000;QRIS-OTHERS;Dine-In;Permpuan
271;271;44707;63;Indomie Rasa Empal Gentong;mie-kuah;makanan;3;10000;30000;QRIS-OTHERS;Dine-In;Laki
347;347;44564;79;Indomie Rasa Soto Lamongan;mie-kuah;makanan;1;10000;10000;QRIS-OTHERS;Dine-In;Permpuan
247;247;44645;42;Indomie Rasa Soto Lamongan;mie-kuah;makanan;1;10000;10000;QRIS-OTHERS;Dine-In;Permpuan
228;228;44799;32;Indomie Rasa Soto Lamongan;mie-kuah;makanan;1;10000;10000;QRIS-OTHERS;Delivery;Laki
41;41;44742;46;Indomie Rasa Soto Lamongan;mie-kuah;makanan;3;10000;30000;QRIS-OTHERS;Delivery;Laki
305;305;44675;37;Indomie Rasa Soto Lamongan;mie-kuah;makanan;3;10000;30000;QRIS-OTHERS;Dine-In;Permpuan
73;73;44787;55;Indomie Rasa Soto Lamongan;mie-kuah;makanan;2;10000;20000;QRIS-OTHERS;Dine-In;Permpuan
151;151;44640;90;Indomie Goreng Sambal Matah;mie-goreng;makanan;3;9000;27000;QRIS-OTHERS;Dine-In;Laki
159;159;44708;36;Indomie Goreng Sambal Matah;mie-goreng;makanan;1;9000;9000;QRIS-OTHERS;Delivery;Laki
229;229;44680;78;Indomie Goreng Sambal Matah;mie-goreng;makanan;1;9000;9000;QRIS-OTHERS;Delivery;Permpuan
57;57;44726;50;Indomie Goreng Sambal Matah;mie-goreng;makanan;3;9000;27000;QRIS-OTHERS;Dine-In;Permpuan
258;258;44646;34;Indomie Goreng Sambal Matah;mie-goreng;makanan;1;9000;9000;QRIS-OTHERS;Dine-In;Laki
105;105;44619;56;Indomie Goreng Sambal Matah;mie-goreng;makanan;3;9000;27000;QRIS-OTHERS;Delivery;Permpuan
340;340;44720;69;Indomie Goreng Sambal Matah;mie-goreng;makanan;1;9000;9000;QRIS-OTHERS;Delivery;Permpuan
287;287;44710;93;Indomie Rasa Mi Kocok Bandung;mie-kuah;makanan;2;10000;20000;QRIS-OTHERS;Delivery;Laki
115;115;44698;95;Indomie Rasa Mi Kocok Bandung;mie-kuah;makanan;2;10000;20000;QRIS-OTHERS;Delivery;Laki
218;218;44758;51;Indomie Rasa Mi Kocok Bandung;mie-kuah;makanan;1;10000;10000;QRIS-OTHERS;Delivery;Permpuan
18;18;44713;8;Indomie Rasa Mi Kocok Bandung;mie-kuah;makanan;1;10000;10000;QRIS-OTHERS;Dine-In;Permpuan
169;169;44770;69;Indomie Rasa Mi Kocok Bandung;mie-kuah;makanan;1;10000;10000;QRIS-OTHERS;Dine-In;Permpuan
192;192;44714;26;Indomie Rasa Soto Banjar Limau Kuit;mie-kuah;makanan;1;10000;10000;QRIS-OTHERS;Delivery;Permpuan
473;473;44794;23;Indomie Rasa Soto Banjar Limau Kuit;mie-kuah;makanan;2;10000;20000;QRIS-OTHERS;Dine-In;Permpuan
222;222;44657;18;Indomie Rasa Soto Banjar Limau Kuit;mie-kuah;makanan;1;10000;10000;QRIS-OTHERS;Dine-In;Permpuan
234;234;44680;74;Indomie Rasa Soto Banjar Limau Kuit;mie-kuah;makanan;1;10000;10000;QRIS-OTHERS;Dine-In;Laki
451;451;44715;35;Indomie Soto Mie;mie-kuah;makanan;2;9000;18000;QRIS-SHOPEEPAY;Dine-In;Permpuan
360;360;44789;100;Indomie Soto Mie;mie-kuah;makanan;2;9000;18000;QRIS-SHOPEEPAY;Delivery;Laki
85;85;44638;21;Indomie Soto Mie;mie-kuah;makanan;1;9000;9000;QRIS-SHOPEEPAY;Delivery;Permpuan
375;375;44658;80;Indomie Baso Sapi;mie-kuah;makanan;1;9000;9000;QRIS-SHOPEEPAY;Dine-In;Permpuan
303;303;44599;9;Indomie Baso Sapi;mie-kuah;makanan;3;9000;27000;QRIS-SHOPEEPAY;Delivery;Permpuan
163;163;44719;97;Indomie Baso Sapi;mie-kuah;makanan;2;9000;18000;QRIS-SHOPEEPAY;Delivery;Permpuan
29;29;44649;78;Indomie Baso Sapi;mie-kuah;makanan;3;9000;27000;QRIS-SHOPEEPAY;Dine-In;Permpuan
490;490;44746;55;Indomie Baso Sapi;mie-kuah;makanan;2;9000;18000;QRIS-SHOPEEPAY;Dine-In;Permpuan
160;160;44639;68;indomie Kari Ayam;mie-kuah;makanan;2;9000;18000;QRIS-SHOPEEPAY;Dine-In;Laki
310;310;44645;61;indomie Kari Ayam;mie-kuah;makanan;3;9000;27000;QRIS-SHOPEEPAY;Dine-In;Laki
422;422;44709;34;indomie Kari Ayam;mie-kuah;makanan;3;9000;27000;QRIS-SHOPEEPAY;Dine-In;Laki
27;27;44786;7;Indomie Goreng Aceh;mie-goreng;makanan;3;9000;27000;QRIS-SHOPEEPAY;Delivery;Permpuan
322;322;44784;66;Indomie Goreng Aceh;mie-goreng;makanan;2;9000;18000;QRIS-SHOPEEPAY;Delivery;Laki
438;438;44622;23;Indomie Goreng Aceh;mie-goreng;makanan;1;9000;9000;QRIS-SHOPEEPAY;Dine-In;Permpuan
435;435;44598;33;Indomie Goreng Aceh;mie-goreng;makanan;1;9000;9000;QRIS-SHOPEEPAY;Delivery;Laki
178;178;44800;95;indomie Ayam Bawang;mie-kuah;makanan;2;9000;18000;QRIS-SHOPEEPAY;Delivery;Laki
100;100;44576;21;indomie Ayam Bawang;mie-kuah;makanan;2;9000;18000;QRIS-SHOPEEPAY;Delivery;Permpuan
431;431;44694;55;indomie Ayam Bawang;mie-kuah;makanan;3;9000;27000;QRIS-SHOPEEPAY;Dine-In;Permpuan
20;20;44619;6;Indomie Ayam Spesial;mie-kuah;makanan;1;9000;9000;QRIS-SHOPEEPAY;Dine-In;Permpuan
50;50;44614;18;Indomie Goreng Pedas;mie-goreng;makanan;1;9000;9000;QRIS-SHOPEEPAY;Delivery;Permpuan
419;419;44723;83;Indomie Goreng Pedas;mie-goreng;makanan;3;9000;27000;QRIS-SHOPEEPAY;Delivery;Permpuan
185;185;44772;65;Indomie Goreng Pedas;mie-goreng;makanan;1;9000;9000;QRIS-SHOPEEPAY;Dine-In;Laki
452;452;44705;90;Indomie Goreng Pedas;mie-goreng;makanan;1;9000;9000;QRIS-SHOPEEPAY;Dine-In;Laki
319;319;44718;79;Indomie Goreng Rendang;mie-goreng;makanan;2;9000;18000;QRIS-SHOPEEPAY;Delivery;Permpuan
397;397;44790;74;Indomie Goreng Rendang;mie-goreng;makanan;1;9000;9000;QRIS-SHOPEEPAY;Dine-In;Laki
362;362;44572;96;Indomie Goreng Rendang;mie-goreng;makanan;2;9000;18000;QRIS-SHOPEEPAY;Dine-In;Laki
133;133;44753;54;Indomie Goreng Rendang;mie-goreng;makanan;3;9000;27000;QRIS-SHOPEEPAY;Dine-In;Laki
39;39;44580;61;Indomie Goreng Rendang;mie-goreng;makanan;3;9000;27000;QRIS-SHOPEEPAY;Delivery;Laki
381;381;44696;32;Indomie Goreng Spesial;mie-goreng;makanan;1;9000;9000;QRIS-SHOPEEPAY;Delivery;Laki
481;481;44732;35;Indomie Goreng Spesial;mie-goreng;makanan;3;9000;27000;QRIS-SHOPEEPAY;Delivery;Permpuan
83;83;44766;96;Indomie Goreng Spesial;mie-goreng;makanan;2;9000;18000;QRIS-SHOPEEPAY;Dine-In;Laki
88;88;44724;18;Indomie Goreng Cabe Ijo;mie-goreng;makanan;2;9000;18000;QRIS-SHOPEEPAY;Delivery;Permpuan
364;364;44719;12;Indomie Goreng Cabe Ijo;mie-goreng;makanan;2;9000;18000;QRIS-SHOPEEPAY;Delivery;Permpuan
368;368;44677;39;Indomie Goreng Cabe Ijo;mie-goreng;makanan;2;9000;18000;QRIS-SHOPEEPAY;Dine-In;Permpuan
314;314;44575;16;Indomie Rasa Sop Buntut;mie-kuah;makanan;1;10000;10000;QRIS-SHOPEEPAY;Delivery;Laki
268;268;44718;99;Indomie Rasa Sop Buntut;mie-kuah;makanan;1;10000;10000;QRIS-SHOPEEPAY;Dine-In;Laki
302;302;44569;47;Indomie Rasa Sop Buntut;mie-kuah;makanan;3;10000;30000;QRIS-SHOPEEPAY;Dine-In;Laki
417;417;44660;11;Indomie Rasa Sop Buntut;mie-kuah;makanan;1;10000;10000;QRIS-SHOPEEPAY;Dine-In;Laki
134;134;44748;46;Indomie Rasa Soto Betawi;mie-kuah;makanan;2;10000;20000;QRIS-SHOPEEPAY;Dine-In;Laki
248;248;44664;22;Indomie Rasa Soto Betawi;mie-kuah;makanan;3;10000;30000;QRIS-SHOPEEPAY;Dine-In;Permpuan
193;193;44641;4;Indomie Rasa Soto Padang;mie-kuah;makanan;2;10000;20000;QRIS-SHOPEEPAY;Delivery;Laki
47;47;44770;22;Indomie Rasa Soto Padang;mie-kuah;makanan;2;10000;20000;QRIS-SHOPEEPAY;Delivery;Permpuan
208;208;44760;32;Indomie Rasa Soto Padang;mie-kuah;makanan;3;10000;30000;QRIS-SHOPEEPAY;Dine-In;Laki
350;350;44708;6;Indomie Rasa Empal Gentong;mie-kuah;makanan;3;10000;30000;QRIS-SHOPEEPAY;Delivery;Permpuan
480;480;44756;63;Indomie Rasa Empal Gentong;mie-kuah;makanan;3;10000;30000;QRIS-SHOPEEPAY;Dine-In;Laki
56;56;44770;23;Indomie Rasa Empal Gentong;mie-kuah;makanan;1;10000;10000;QRIS-SHOPEEPAY;Delivery;Permpuan
142;142;44635;17;Indomie Rasa Empal Gentong;mie-kuah;makanan;2;10000;20000;QRIS-SHOPEEPAY;Dine-In;Laki
379;379;44752;75;Indomie Rasa Empal Gentong;mie-kuah;makanan;1;10000;10000;QRIS-SHOPEEPAY;Dine-In;Laki
389;389;44747;2;Indomie Rasa Empal Gentong;mie-kuah;makanan;1;10000;10000;QRIS-SHOPEEPAY;Dine-In;Permpuan
92;92;44725;40;Indomie Rasa Soto Lamongan;mie-kuah;makanan;3;10000;30000;QRIS-SHOPEEPAY;Delivery;Laki
149;149;44683;39;Indomie Rasa Soto Lamongan;mie-kuah;makanan;3;10000;30000;QRIS-SHOPEEPAY;Dine-In;Permpuan
161;161;44766;34;Indomie Rasa Soto Lamongan;mie-kuah;makanan;1;10000;10000;QRIS-SHOPEEPAY;Delivery;Laki
147;147;44717;18;Indomie Goreng Sambal Matah;mie-goreng;makanan;1;9000;9000;QRIS-SHOPEEPAY;Dine-In;Permpuan
24;24;44684;82;Indomie Rasa Mi Kocok Bandung;mie-kuah;makanan;1;10000;10000;QRIS-SHOPEEPAY;Dine-In;Permpuan
244;244;44642;80;Indomie Rasa Mi Kocok Bandung;mie-kuah;makanan;3;10000;30000;QRIS-SHOPEEPAY;Delivery;Permpuan
266;266;44742;11;Indomie Rasa Mi Kocok Bandung;mie-kuah;makanan;1;10000;10000;QRIS-SHOPEEPAY;Delivery;Laki
87;87;44732;94;Indomie Rasa Mi Kocok Bandung;mie-kuah;makanan;2;10000;20000;QRIS-SHOPEEPAY;Dine-In;Laki
215;215;44617;15;Indomie Rasa Mi Kocok Bandung;mie-kuah;makanan;3;10000;30000;QRIS-SHOPEEPAY;Delivery;Permpuan
26;26;44793;6;Indomie Rasa Mi Kocok Bandung;mie-kuah;makanan;2;10000;20000;QRIS-SHOPEEPAY;Dine-In;Permpuan
182;182;44713;33;Indomie Rasa Soto Banjar Limau Kuit;mie-kuah;makanan;3;10000;30000;QRIS-SHOPEEPAY;Dine-In;Laki
320;320;44635;56;Indomie Rasa Soto Banjar Limau Kuit;mie-kuah;makanan;3;10000;30000;QRIS-SHOPEEPAY;Delivery;Permpuan
137;137;44704;85;Indomie Rasa Soto Banjar Limau Kuit;mie-kuah;makanan;3;10000;30000;QRIS-SHOPEEPAY;Dine-In;Permpuan
444;444;44761;59;Indomie Rasa Soto Banjar Limau Kuit;mie-kuah;makanan;3;10000;30000;QRIS-SHOPEEPAY;Dine-In;Permpuan
354;354;44645;77;Indomie Rasa Soto Banjar Limau Kuit;mie-kuah;makanan;1;10000;10000;QRIS-SHOPEEPAY;Delivery;Permpuan
466;466;44702;16;Indomie Rasa Soto Banjar Limau Kuit;mie-kuah;makanan;1;10000;10000;QRIS-SHOPEEPAY;Delivery;Laki
135;135;44602;91;Indomie Rasa Soto Banjar Limau Kuit;mie-kuah;makanan;2;10000;20000;QRIS-SHOPEEPAY;Delivery;Permpuan
